"Date","Chrome","IE","Firefox","Safari","Opera","Android","UC Browser","Samsung Internet","Nokia","Edge Legacy","BlackBerry","IEMobile","NetFront","Yandex Browser","360 Safe Browser","Maxthon","QQ Browser","Sogou Explorer","Sony PS3","Chromium","Silk","Unknown","Coc Coc","Mozilla","Dolfin","Puffin","KaiOS","Sony PS4","Samsung","AOL","SeaMonkey","Openwave","Phantom","SonyEricsson","Obigo","Jasmine","Pale Moon","RockMelt","Other"
2009-01,1.37,64.97,26.85,2.79,3.07,0.01,0,0,0.12,0,0.03,0.01,0.01,0,0,0,0,0,0.08,0,0,0,0,0.15,0,0,0,0,0,0.27,0.04,0.02,0,0.02,0,0,0,0,0.2
2009-02,1.5,63.98,27.66,2.83,3.09,0.01,0,0,0.13,0,0.04,0.01,0.01,0,0,0,0,0,0.07,0,0,0,0,0.15,0,0,0,0,0,0.26,0.03,0.02,0,0.02,0,0,0,0,0.19
2009-03,1.71,62.02,29.17,3.02,3.09,0.02,0,0,0.14,0,0.05,0.01,0.01,0,0,0,0,0,0.08,0,0,0,0,0.16,0,0,0,0,0,0.25,0.03,0.02,0,0.03,0,0,0,0,0.19
2009-04,2.05,61.34,29.41,3.09,3.12,0.02,0,0,0.14,0,0.06,0.01,0.01,0,0,0,0,0,0.1,0,0,0,0,0.17,0,0,0,0,0,0.23,0.03,0.02,0,0.03,0,0,0,0,0.17
2009-05,2.4,61.55,28.5,2.95,3.41,0.02,0,0,0.15,0,0.06,0.01,0.01,0,0,0,0,0,0.09,0,0,0,0,0.39,0,0,0,0,0,0.21,0.03,0.02,0,0.03,0,0,0,0,0.18
2009-06,2.79,58.93,30.05,3.24,3.57,0,0,0,0.17,0,0.07,0.01,0.02,0,0,0,0,0,0.11,0,0,0,0,0.54,0,0,0,0,0,0.2,0.03,0.02,0,0.03,0,0,0,0,0.2
2009-07,2.98,59.48,30.18,3.35,2.88,0.02,0,0,0.2,0,0.09,0.01,0.02,0,0,0,0,0,0.13,0,0,0,0,0.2,0,0,0,0,0,0.2,0.03,0.02,0,0.02,0,0,0,0,0.19
2009-08,3.34,58.04,30.93,3.59,2.92,0.03,0,0,0.21,0,0.09,0.01,0.04,0,0,0,0,0,0.15,0,0,0,0,0.24,0,0,0,0,0.01,0.19,0.03,0.02,0,0,0,0,0,0,0.16
2009-09,3.65,57.72,30.99,3.59,2.89,0.03,0,0,0.23,0,0.1,0.01,0.04,0,0,0,0,0,0.12,0,0,0,0,0.26,0,0,0,0,0.01,0.18,0.03,0.02,0,0,0,0,0,0,0.14
2009-10,4.12,57.3,31.45,3.77,2.17,0.03,0,0,0.24,0,0.1,0.01,0.04,0,0,0,0,0,0.13,0,0,0,0,0.28,0,0,0,0,0.01,0.17,0.03,0.02,0,0,0,0,0,0,0.13
2009-11,4.61,55.89,31.82,4,2.32,0.04,0,0,0.23,0,0.11,0.01,0.04,0,0,0,0,0,0.14,0,0,0,0,0.43,0,0,0,0,0.01,0.16,0.03,0.02,0,0,0,0,0,0,0.13
2009-12,5.38,55.01,31.56,3.85,2.37,0.05,0,0,0.24,0,0.12,0.01,0.04,0,0,0.28,0,0,0.15,0,0,0,0,0.59,0,0,0,0,0.01,0.14,0.03,0.01,0,0,0,0,0,0,0.15
2010-01,5.94,54.39,31.15,4.22,2.37,0.07,0,0,0.29,0,0.15,0.01,0.05,0,0,0.37,0,0,0.15,0,0,0,0,0.47,0,0,0,0,0.01,0.13,0.03,0.02,0,0,0,0,0,0,0.17
2010-02,6.6,53.56,31.28,4.59,2.37,0.09,0,0,0.29,0,0.18,0.01,0.05,0,0,0.29,0,0,0.13,0,0,0,0,0.16,0,0,0,0,0.02,0.14,0.03,0.02,0,0,0,0,0,0,0.18
2010-03,7.15,53.37,30.65,4.67,2.44,0.11,0.02,0,0.32,0,0.24,0.01,0.06,0,0,0.28,0,0,0.13,0,0,0,0,0.16,0,0,0,0,0.02,0.13,0.03,0.02,0,0.01,0,0,0,0,0.17
2010-04,7.89,52.1,31.05,4.77,2.34,0.13,0.02,0,0.34,0,0.3,0.01,0.07,0,0,0.25,0,0,0.14,0,0,0.05,0,0.16,0,0,0,0,0.02,0.12,0.03,0.02,0,0.01,0,0,0,0,0.18
2010-05,8.41,51.54,30.91,4.72,2.53,0.15,0.03,0,0.34,0,0.32,0.01,0.07,0,0,0.23,0,0,0.14,0,0,0.08,0,0.15,0,0,0,0,0.02,0.11,0.03,0.02,0,0.01,0,0,0,0,0.19
2010-06,9,51.5,30.35,4.65,2.53,0.18,0.03,0,0.41,0,0.38,0.01,0.09,0,0,0.22,0,0,0.14,0,0,0,0,0.14,0,0,0,0,0.02,0.11,0.03,0.02,0,0.01,0,0,0,0,0.2
2010-07,9.6,51.17,29.81,4.71,2.53,0.24,0.03,0,0.47,0,0.46,0.01,0.1,0,0,0.2,0,0,0.15,0,0,0,0,0.12,0,0,0,0,0.03,0.1,0.03,0.02,0,0.01,0,0,0,0,0.21
2010-08,10.41,49.69,30.09,4.92,2.57,0.29,0.03,0,0.52,0,0.54,0.01,0.11,0,0,0.18,0,0,0.15,0,0,0,0,0.11,0,0,0,0,0.03,0.09,0.03,0.02,0,0.01,0,0,0,0,0.19
2010-09,11.14,48.13,30.39,5.06,2.83,0.33,0.03,0,0.59,0,0.62,0.01,0.12,0,0,0.17,0,0,0.13,0,0,0,0,0.1,0,0,0,0,0.03,0.08,0.03,0.02,0,0.01,0,0,0,0,0.18
2010-10,11.92,47.33,30.05,5.23,2.86,0.39,0.04,0,0.63,0,0.69,0.01,0.13,0,0,0.16,0,0,0.13,0,0,0,0,0.09,0,0,0,0,0.03,0.07,0.03,0.02,0,0.01,0,0,0,0,0.18
2010-11,12.81,46.22,29.92,5.39,2.81,0.45,0.04,0,0.67,0,0.77,0.01,0.16,0,0,0.18,0,0,0.13,0,0,0,0,0.09,0,0,0,0,0.05,0.06,0.03,0.03,0,0.02,0,0,0,0,0.18
2010-12,14.24,45.02,29.5,5.56,2.81,0.54,0.03,0,0.64,0,0.73,0.01,0.16,0,0,0.16,0,0,0.14,0,0,0,0,0.08,0,0,0,0,0.07,0.05,0.03,0.03,0,0.02,0,0,0,0,0.18
2011-01,15.01,44.03,29.36,5.94,2.81,0.62,0.03,0,0.67,0,0.64,0.01,0.16,0,0,0.14,0,0,0.14,0,0,0,0,0.08,0,0,0,0,0.07,0.06,0.02,0.03,0,0.02,0,0,0,0,0.17
2011-02,15.81,43.42,29.02,5.94,2.86,0.67,0.04,0,0.7,0,0.64,0.02,0.17,0,0,0.16,0,0,0.13,0,0,0,0,0.07,0,0,0,0,0.08,0.05,0.03,0.02,0,0.02,0,0,0,0,0.16
2011-03,16.55,42.99,28.57,5.93,2.87,0.73,0.03,0,0.75,0,0.65,0.02,0.18,0,0,0.16,0,0,0.13,0,0,0,0,0.07,0,0,0,0,0.09,0.05,0.03,0.03,0,0.02,0,0,0,0,0.16
2011-04,17.33,42.2,28.13,5.99,2.95,0.83,0.04,0,0.85,0,0.7,0.02,0.18,0,0,0.16,0,0,0.13,0.01,0,0.03,0,0.05,0.01,0,0,0,0.07,0.04,0.02,0.03,0,0.02,0,0.01,0,0.01,0.16
2011-05,18.25,41.35,27.61,5.98,2.99,1.01,0.03,0,0.95,0,0.73,0.02,0.13,0,0,0.15,0,0,0.14,0.05,0,0.11,0,0.04,0.04,0,0,0,0.01,0.02,0.02,0.02,0,0.02,0.05,0.05,0,0.03,0.19
2011-06,19.3,40.74,26.49,6.05,3.11,1.17,0.04,0,1.15,0,0.78,0.02,0.2,0,0,0.14,0,0,0.13,0.05,0,0.08,0,0.04,0.05,0,0,0,0.02,0.02,0.02,0.02,0,0.03,0.06,0.06,0,0.03,0.19
2011-07,20.59,39.47,25.99,6.2,3.09,1.33,0.05,0,1.2,0,0.87,0.02,0.28,0,0,0.15,0,0,0.14,0.05,0,0,0,0.04,0.06,0,0,0,0.04,0.01,0.02,0.02,0,0.03,0.07,0.06,0,0.03,0.18
2011-08,21.51,38.9,25.53,6.2,3.09,1.47,0.06,0,1.21,0,0.83,0.02,0.29,0,0,0.13,0,0,0.14,0.05,0,0,0,0.03,0.07,0,0,0,0.04,0.01,0.02,0.02,0,0.03,0.07,0.07,0,0.03,0.17
2011-09,22.02,38.85,24.98,6.65,3.12,1.4,0.08,0,1.08,0,0.71,0.03,0.23,0,0,0.13,0,0,0.14,0.05,0,0,0,0.03,0.07,0,0,0,0.04,0.01,0.02,0.02,0,0.03,0.06,0.05,0,0.03,0.16
2011-10,23.36,37.55,24.66,7.07,3.1,1.49,0.31,0,0.81,0,0.61,0.03,0.2,0,0,0.13,0,0,0.14,0.06,0,0,0,0.03,0.06,0,0,0,0.04,0.01,0.03,0.02,0,0.02,0.05,0.04,0,0.03,0.16
2011-11,23.9,37.8,23.49,7.18,3.26,1.55,0.36,0,0.83,0,0.58,0.03,0.21,0,0,0.12,0,0,0.13,0.06,0,0,0,0.03,0.07,0,0,0,0.04,0.01,0.02,0.02,0,0.02,0.04,0.04,0,0.03,0.19
2011-12,25.08,35.54,23.25,7.41,3.77,1.8,0.4,0,1.04,0,0.62,0.03,0.25,0,0,0.09,0,0,0.13,0.07,0,0,0,0.02,0.08,0,0,0,0.05,0.01,0.03,0.02,0,0.02,0.05,0.04,0,0.03,0.19
2012-01,25.99,34.27,22.69,8.09,3.77,2.03,0.46,0,1,0,0.59,0.03,0.27,0,0,0.08,0,0,0.12,0.06,0,0,0,0.02,0.09,0,0,0,0.05,0.01,0.03,0.02,0,0.02,0.04,0.04,0,0.03,0.19
2012-02,27.3,32.7,22.77,8.35,3.7,2.17,0.5,0,0.96,0,0.58,0.04,0.22,0,0,0.08,0,0,0.04,0.06,0,0,0,0.02,0.09,0,0,0,0.05,0.01,0.03,0.02,0,0.02,0.04,0.03,0,0.03,0.19
2012-03,28.1,31.68,22.75,8.26,3.68,2.15,0.57,0,1.07,0,0.58,0.04,0.3,0,0,0.09,0,0,0.06,0.06,0.03,0,0,0.02,0.11,0,0,0,0.06,0.01,0.03,0.01,0,0.02,0.04,0.04,0,0.04,0.19
2012-04,28.24,30.8,22.5,8.72,3.62,2.31,0.74,0,1.1,0,0.59,0.05,0.36,0,0,0.1,0.01,0,0.11,0.06,0.07,0.01,0,0.02,0.13,0,0,0,0.07,0,0.03,0.01,0,0.02,0.04,0.04,0,0.05,0.19
2012-05,29.15,28.87,22.98,8.68,3.81,2.41,0.86,0,1.17,0,0.57,0.06,0.4,0,0.02,0.1,0.02,0,0.11,0.07,0.07,0.03,0,0.02,0.14,0,0,0,0.07,0,0.03,0.01,0,0.02,0.04,0.04,0,0.05,0.19
2012-06,29.36,28.95,22.02,8.82,3.81,2.59,0.89,0,1.15,0,0.54,0.06,0.42,0,0.29,0.11,0.02,0,0.11,0.07,0.08,0.03,0,0.01,0.14,0,0,0,0.07,0,0.03,0.01,0,0.02,0.04,0.04,0.03,0.05,0.2
2012-07,30.13,28.49,21.13,9.11,3.68,2.88,0.91,0,1.13,0,0.55,0.08,0.43,0,0.39,0.11,0.02,0.01,0.12,0.07,0.09,0.06,0,0.01,0.14,0,0,0,0.07,0,0.02,0.01,0,0.01,0.03,0.04,0.03,0.06,0.2
2012-08,29.82,29.1,20.3,9.3,3.65,3.13,0.89,0,1.17,0,0.53,0.09,0.44,0,0.36,0.11,0.03,0.1,0.12,0.07,0.08,0.08,0,0.01,0.14,0,0,0,0.07,0,0.02,0.01,0.01,0.01,0.03,0.04,0.02,0.06,0.21
2012-09,30.28,28.89,19.85,9.54,3.67,3.29,0.86,0,1.24,0,0.53,0.09,0.47,0,0.06,0.12,0.03,0.11,0.12,0.08,0.08,0.08,0,0.01,0.14,0,0,0,0.07,0,0.02,0.01,0.01,0.01,0.03,0.04,0.03,0.05,0.19
2012-10,30.69,28.26,19.73,9.69,3.69,3.46,0.91,0,1.22,0,0.51,0.1,0.48,0,0.06,0.12,0.03,0.11,0.12,0.07,0.07,0.08,0,0.01,0.14,0,0,0,0.06,0,0.02,0.01,0.02,0.01,0.03,0.04,0.03,0.05,0.17
2012-11,31.28,27.28,19.61,9.83,3.49,3.86,1.15,0,1.18,0,0.49,0.1,0.47,0.01,0.07,0.12,0.03,0.11,0.11,0.07,0.07,0.08,0,0.01,0.13,0,0,0,0.07,0,0.02,0.01,0.02,0.01,0.03,0.03,0.03,0.05,0.16
2012-12,31.42,26.47,18.88,10.07,3.46,4.47,1.43,0,1.27,0,0.49,0.13,0.52,0.04,0.15,0.14,0.03,0.12,0.12,0.06,0.07,0.08,0,0.01,0.13,0,0,0,0.07,0,0.02,0.01,0.02,0.01,0.03,0.04,0.03,0.04,0.17
2013-01,31.71,26.55,18.55,10.66,3.11,4.78,1.32,0,1.01,0,0.46,0.14,0.37,0.11,0.08,0.13,0.03,0.12,0.12,0.05,0.13,0.07,0,0.01,0.1,0,0,0,0.06,0,0.02,0.01,0.02,0.01,0.02,0.02,0.03,0.04,0.16
2013-02,32.2,25.74,18.45,11.14,3.16,4.96,1.15,0,0.95,0,0.45,0.15,0.34,0.13,0.08,0.13,0.03,0.11,0.11,0.04,0.15,0.06,0,0.01,0.09,0,0,0,0.06,0,0.02,0.01,0.02,0.01,0.02,0.02,0.03,0.04,0.16
2013-03,33.11,25.26,18.04,11.06,3.15,4.9,1.14,0,0.96,0,0.44,0.16,0.34,0.18,0.1,0.14,0.03,0.14,0.1,0.05,0.15,0.06,0,0.01,0.09,0,0,0,0.05,0,0.02,0.01,0.02,0.01,0.02,0.02,0.04,0.03,0.16
2013-04,34.25,25.76,17.43,10.44,2.92,4.76,1.17,0,0.93,0,0.42,0.17,0.32,0.2,0.12,0.14,0.03,0.14,0.09,0.06,0.13,0.06,0,0.01,0.08,0,0,0,0.05,0,0.02,0.01,0.02,0.01,0.02,0.02,0.03,0.03,0.16
2013-05,35.99,23.85,17.05,10.44,3.02,4.92,1.28,0,0.99,0,0.47,0.19,0.33,0.22,0.12,0.15,0.04,0.14,0.1,0.06,0.13,0.06,0,0.01,0.08,0,0,0,0.05,0,0.02,0.01,0.03,0.01,0.01,0.02,0.03,0.03,0.16
2013-06,36.64,21.54,17,10.93,3.34,5.18,1.52,0,1.13,0,0.51,0.21,0.37,0.26,0.15,0.16,0.04,0.15,0.1,0.06,0.14,0.07,0,0.01,0.09,0,0,0,0.06,0,0.02,0.01,0.04,0.01,0.01,0.02,0.03,0.03,0.17
2013-07,36.63,20.49,16.84,11.23,3.51,5.49,1.75,0,1.18,0,0.55,0.25,0.38,0.25,0.15,0.16,0.05,0.15,0.11,0.06,0.15,0.07,0,0.01,0.08,0.05,0,0,0.03,0,0.02,0.03,0.03,0.01,0.01,0.02,0.04,0.02,0.22
2013-08,36.19,21.18,16.02,11.09,3.72,5.68,1.92,0,1.21,0,0.57,0.28,0.39,0.26,0.18,0.16,0.06,0.16,0.11,0.06,0.14,0.07,0,0,0.08,0.06,0,0,0.03,0,0.02,0.04,0.02,0.01,0.01,0.02,0.03,0.02,0.22
2013-09,34.66,23.71,15.31,10.9,3.79,5.54,2.01,0,1.12,0,0.55,0.29,0.41,0.27,0.2,0.16,0.05,0.14,0.08,0.07,0.13,0.07,0,0.01,0.08,0.06,0,0,0.03,0,0.01,0.04,0.02,0.01,0.01,0.02,0.03,0.01,0.21
2013-10,33.75,23.53,14.78,10.76,5.45,5.55,1.98,0,1.1,0,0.56,0.32,0.41,0.25,0.33,0.16,0.06,0.13,0.07,0.06,0.13,0.07,0,0,0.07,0.06,0,0,0.03,0,0.01,0.04,0.03,0.01,0.02,0.02,0.03,0.01,0.22
2013-11,35.09,22.1,14.77,10.97,4.11,5.85,2.22,0,1.35,0,0.64,0.37,0.48,0.26,0.45,0.18,0.06,0.12,0.07,0.06,0.14,0.11,0,0.01,0.08,0.05,0,0,0.03,0,0.01,0.05,0.03,0.02,0.03,0.02,0.03,0.01,0.22
2013-12,35.82,18.09,14.83,11.77,4.64,6.78,2.63,0,1.5,0,0.69,0.46,0.54,0.27,0.54,0.18,0.08,0.13,0.07,0.06,0.16,0.13,0,0.02,0.09,0.06,0,0,0.03,0,0.02,0.05,0.03,0.03,0.03,0.02,0.02,0.01,0.22
2014-01,35.85,17.75,14.77,12.63,4.26,6.99,2.61,0,1.36,0,0.59,0.48,0.5,0.29,0.46,0.18,0.09,0.14,0.06,0.06,0.19,0.14,0,0.02,0.08,0.06,0,0,0.03,0,0.01,0.05,0.03,0.02,0.02,0.02,0.02,0.01,0.22
2014-02,36.44,17.34,14.86,12.56,4.21,7.07,2.65,0,1.31,0,0.54,0.51,0.48,0.26,0.28,0.19,0.1,0.18,0.07,0.06,0.18,0.13,0,0.02,0.08,0.06,0,0.01,0.03,0,0.01,0.05,0.03,0.02,0.02,0.02,0.02,0.01,0.24
2014-03,36.47,17.19,14.35,12.96,4.17,7.05,2.69,0,1.25,0,0.52,0.52,0.46,0.25,0.64,0.2,0.1,0.12,0.06,0.06,0.17,0.13,0,0.02,0.08,0.06,0,0.01,0.03,0,0.02,0.04,0.03,0.02,0.02,0.02,0.01,0.01,0.26
2014-04,38.26,16.39,14.33,12.72,3.95,6.9,2.63,0,1.13,0,0.44,0.56,0.46,0.29,0.52,0.18,0.09,0.11,0.06,0.08,0.16,0.13,0,0.02,0.08,0.06,0,0.01,0.03,0,0.01,0.04,0.03,0.02,0.02,0.02,0.02,0.01,0.25
2014-05,38.68,15.51,14.07,13.14,3.95,7.33,2.66,0,1.11,0,0.42,0.6,0.41,0.22,0.51,0.17,0.09,0.1,0.05,0.09,0.16,0.13,0,0.02,0.07,0.07,0,0.01,0.02,0,0.01,0.04,0.03,0.02,0.02,0.01,0.02,0,0.23
2014-06,38.53,15.4,13.28,13.78,4.07,7.5,2.64,0,1.1,0,0.43,0.63,0.36,0.22,0.67,0.18,0.1,0.11,0.05,0.07,0.17,0.13,0.04,0.02,0.07,0.06,0,0.01,0.02,0,0.01,0.03,0.03,0.02,0.02,0.01,0.02,0,0.21
2014-07,38.75,15.51,12.82,14.29,4.06,7.28,2.66,0,1.06,0,0.39,0.66,0.36,0.21,0.57,0.17,0.11,0.12,0.04,0.08,0.17,0.13,0.04,0.02,0.06,0.05,0,0.02,0.01,0,0.01,0.03,0.04,0.02,0.01,0.01,0.02,0,0.2
2014-08,39.53,14.52,12.63,14.19,4.23,7.36,2.98,0,1.11,0,0.39,0.67,0.39,0.24,0.36,0.17,0.12,0.14,0.04,0.08,0.18,0.14,0.05,0.02,0.07,0.05,0,0.02,0.01,0,0.01,0.03,0.03,0.02,0.01,0.01,0.02,0,0.19
2014-09,39.39,14.46,12.45,14.9,3.96,7.25,2.92,0,1.05,0,0.39,0.67,0.35,0.21,0.58,0.18,0.13,0.14,0.04,0.06,0.18,0.14,0.05,0.02,0.06,0.05,0,0.02,0.01,0,0.01,0.03,0.03,0.02,0.01,0.01,0.02,0,0.22
2014-10,41.53,13.39,11.96,15.3,3.6,7.36,2.71,0,0.88,0,0.34,0.7,0.28,0.21,0.46,0.17,0.11,0.13,0.04,0.06,0.15,0.12,0.04,0.02,0.05,0.05,0,0.02,0.01,0,0.01,0.02,0.02,0.02,0.01,0.01,0.02,0,0.19
2014-11,42.24,13.42,11.59,14.25,3.81,7.53,3.17,0,0.92,0,0.35,0.75,0.28,0.24,0.11,0.15,0.12,0.13,0.04,0.06,0.15,0.12,0.05,0.03,0.05,0.06,0,0.02,0.01,0,0.01,0.02,0.02,0.02,0.01,0.01,0.02,0,0.2
2014-12,40.93,15.21,11.27,14.2,3.88,7.07,3.57,0,0.9,0,0.36,0.68,0.27,0.22,0.12,0.15,0.12,0.13,0.03,0.06,0.17,0.12,0.06,0.03,0.05,0.06,0,0.03,0.01,0,0.01,0.02,0.02,0.02,0.01,0.01,0.02,0,0.2
2015-01,42.27,13.3,11.82,13.79,4.06,7,3.79,0,0.88,0,0.34,0.66,0.24,0.24,0.2,0.16,0.14,0.14,0.03,0.08,0.18,0.11,0.06,0.03,0.05,0.06,0,0.04,0.01,0,0.01,0.03,0.02,0.02,0.01,0.01,0.02,0,0.2
2015-02,43.16,13.09,11.56,13.8,3.8,6.99,3.63,0,0.79,0,0.32,0.66,0.22,0.25,0.32,0.18,0.16,0.15,0.03,0.08,0.17,0.1,0.07,0.03,0.04,0.06,0,0.04,0.01,0,0.01,0.02,0.02,0.02,0.01,0.01,0.02,0,0.19
2015-03,43.61,12.36,11.74,13.8,3.79,6.84,4.05,0,0.76,0,0.32,0.67,0.19,0.25,0.23,0.17,0.16,0.16,0.03,0.08,0.16,0.11,0.06,0.02,0.04,0.05,0,0.04,0.01,0,0.01,0.02,0.03,0.02,0.01,0.01,0.02,0,0.19
2015-04,44.31,12.52,11.61,12.91,4.01,6.54,4.37,0,0.67,0,0.33,0.69,0.16,0.25,0.27,0.17,0.16,0.16,0.03,0.09,0.15,0.09,0.07,0.02,0.04,0.05,0,0.04,0,0,0.01,0.02,0.02,0.02,0.01,0.01,0.02,0,0.2
2015-05,43.97,12.31,11.14,13.47,4.38,6.57,4.82,0,0.4,0,0.31,0.71,0.15,0.25,0.23,0.16,0.17,0.13,0.03,0.08,0.14,0.09,0.06,0.03,0.04,0.05,0,0.03,0,0,0.02,0.02,0.02,0.02,0.01,0.01,0.02,0,0.2
2015-06,43.95,12.18,10.72,13.39,5.17,6.3,5.16,0,0.26,0,0.33,0.7,0.13,0.24,0.15,0.15,0.17,0.15,0.02,0.08,0.14,0.09,0.06,0.02,0.04,0.04,0,0.03,0,0,0.02,0.02,0.03,0.02,0.01,0,0.02,0,0.19
2015-07,45.09,10.81,9.99,13.2,5.48,6.58,5.61,0,0.26,0.03,0.34,0.78,0.12,0.27,0.09,0.15,0.19,0.16,0.02,0.08,0.15,0.09,0.07,0.02,0.03,0.05,0,0.04,0,0,0.02,0.02,0.03,0.02,0.01,0,0.02,0,0.18
2015-08,45.26,9.73,9.63,12.53,6.27,6.49,6.29,0,0.25,0.46,0.4,0.79,0.12,0.28,0.09,0.15,0.23,0.18,0.02,0.09,0.13,0.09,0.06,0.02,0.03,0.05,0,0.04,0,0,0.01,0.02,0.02,0.02,0.01,0,0.01,0,0.18
2015-09,45.83,9.62,9.83,12.1,6.28,6.03,6.59,0,0.21,0.6,0.38,0.77,0.12,0.32,0.12,0.13,0.16,0.11,0.02,0.1,0.09,0.08,0.07,0.02,0.03,0.05,0,0.04,0.01,0,0.01,0.01,0.02,0.02,0.01,0,0.01,0,0.17
2015-10,46.7,9.38,9.52,11.96,6.02,5.91,6.87,0,0.17,0.67,0.33,0.81,0.11,0.37,0.12,0.12,0.13,0.08,0.02,0.1,0.06,0.08,0.07,0.02,0.03,0.06,0,0.04,0.01,0,0.02,0.01,0.03,0.02,0.01,0,0.01,0,0.16
2015-11,47.85,9.65,9.22,12.59,5.42,5.21,6.44,0,0.15,0.76,0.3,0.77,0.1,0.35,0.11,0.12,0.12,0.08,0.02,0.09,0.05,0.08,0.08,0.02,0.03,0.06,0,0.04,0.01,0,0.02,0.01,0.03,0.02,0.01,0,0.01,0,0.16
2015-12,47.14,9.33,8.83,13.01,5.63,4.98,7.25,0,0.15,0.92,0.34,0.79,0.09,0.33,0.16,0.12,0.1,0.09,0.02,0.08,0.04,0.08,0.1,0.02,0.03,0.06,0,0.04,0.01,0,0.02,0.01,0.03,0.02,0.01,0,0.02,0,0.18
2016-01,47.79,8.94,8.97,12.9,5.45,4.83,7.31,0,0.13,1.05,0.31,0.74,0.08,0.32,0.11,0.12,0.09,0.09,0.02,0.08,0.03,0.07,0.1,0.02,0.02,0.06,0,0.05,0.02,0,0.03,0.01,0.03,0.02,0,0,0.02,0,0.17
2016-02,47.77,8.17,9,12.87,5.42,4.54,7.9,0.55,0.13,1.14,0.31,0.71,0.08,0.31,0.1,0.12,0.09,0.09,0.02,0.08,0.02,0.07,0.07,0.02,0.02,0.05,0,0.06,0.01,0,0.02,0.01,0.04,0.02,0.01,0,0.02,0,0.15
2016-03,47.24,7.44,8.54,12.73,5.52,4.49,8.04,2.24,0.13,1.21,0.29,0.67,0.08,0.32,0.1,0.11,0.09,0.09,0.01,0.08,0.01,0.07,0.12,0.02,0.02,0.06,0,0.06,0,0,0.01,0.01,0.03,0.02,0,0,0.01,0,0.12
2016-04,47.43,7.13,8.4,12.78,5.62,4.23,8.25,2.36,0.12,1.28,0.3,0.66,0.08,0.29,0.13,0.11,0.1,0.08,0.01,0.08,0.01,0.07,0.11,0.02,0.02,0.06,0,0.06,0,0,0.02,0.01,0.03,0.02,0,0,0.01,0,0.13
2016-05,47.16,6.43,8.25,13.02,5.82,4.1,9,2.37,0.12,1.34,0.31,0.66,0.08,0.27,0.08,0.1,0.1,0.09,0.01,0.07,0.01,0.08,0.11,0.02,0.02,0.06,0,0.07,0,0,0.01,0.01,0.03,0.02,0,0,0.01,0,0.15
2016-06,49.72,6.26,8.31,13.51,5.49,4.05,6.03,2.62,0.11,1.54,0.28,0.67,0.08,0.25,0.08,0.1,0.1,0.09,0.01,0.07,0.01,0.07,0.12,0.02,0.02,0.06,0,0.07,0,0,0.01,0.01,0.03,0.02,0,0,0.02,0,0.15
2016-07,49.45,5.4,7.77,13.66,6.01,4.07,6.62,2.93,0.12,1.6,0.27,0.66,0.08,0.26,0.07,0.1,0.12,0.09,0.01,0.08,0.01,0.07,0.17,0.02,0.02,0.07,0,0.06,0,0,0.01,0.01,0.03,0.02,0,0,0.01,0,0.15
2016-08,49.82,5.45,7.78,13.61,5.72,3.78,6.67,3.09,0.1,1.66,0.23,0.61,0.07,0.26,0.09,0.09,0.11,0.09,0.01,0.08,0.01,0.07,0.18,0.02,0.02,0.08,0,0.07,0,0,0.01,0.01,0.03,0.02,0,0,0.02,0,0.14
2016-09,49.93,5.42,7.57,13.34,5.35,3.56,7.8,3.08,0.09,1.6,0.22,0.56,0.07,0.28,0.09,0.09,0.1,0.08,0.01,0.08,0.01,0.07,0.19,0.02,0.02,0.07,0,0.07,0,0,0.01,0.01,0.02,0.02,0,0,0.02,0,0.14
2016-10,50.59,4.76,7.14,13.7,5.08,3.4,8.49,3.03,0.09,1.58,0.21,0.52,0.07,0.26,0.06,0.09,0.08,0.07,0.01,0.08,0.01,0.07,0.18,0.02,0.01,0.07,0,0.07,0,0,0.01,0.01,0.02,0.02,0,0,0.02,0,0.16
2016-11,51.42,4.54,7.02,13.78,5.01,3.21,8.21,3.08,0.08,1.59,0.21,0.49,0.06,0.26,0.06,0.08,0.07,0.06,0.01,0.09,0.01,0.06,0.18,0.02,0.01,0.07,0,0.07,0,0,0.01,0.01,0.02,0.02,0,0,0.02,0,0.15
2016-12,51.06,4.44,6.72,14.02,5.17,3.11,8.61,3.16,0.08,1.61,0.18,0.47,0.05,0.27,0.07,0.07,0.08,0.07,0.01,0.09,0.01,0.06,0.19,0.02,0.01,0.08,0,0.07,0,0,0.01,0.01,0.02,0.02,0,0,0.01,0,0.16
2017-01,51.76,4.77,6.75,14.54,3.94,3,8.27,3.29,0.08,1.72,0.17,0.43,0.04,0.26,0.06,0.07,0.08,0.06,0.01,0.09,0.01,0.06,0.15,0.02,0.01,0.08,0,0.07,0,0,0.01,0.01,0.02,0.02,0,0,0.01,0,0.15
2017-02,52.39,4.37,6.73,14.4,3.8,2.82,8.55,3.24,0.07,1.77,0.18,0.42,0.03,0.27,0.05,0.07,0.09,0.07,0.01,0.08,0,0.04,0.13,0.02,0.01,0.1,0,0.08,0,0,0.01,0,0.02,0.01,0,0,0.01,0,0.15
2017-03,52.81,4.18,6.67,14.44,3.7,2.73,8.75,3.19,0.07,1.71,0.15,0.39,0.03,0.27,0.04,0.06,0.08,0.07,0.01,0.08,0,0.05,0.15,0.02,0.01,0.05,0,0.08,0,0,0.01,0,0.03,0.01,0,0,0.01,0,0.15
2017-04,53.69,3.91,6.31,14.64,3.57,2.65,8.41,3.37,0.07,1.71,0.14,0.37,0.02,0.28,0.04,0.06,0.08,0.07,0.01,0.07,0,0.05,0.14,0.02,0.01,0.06,0,0.09,0,0,0.01,0,0.03,0.01,0,0,0.01,0,0.14
2017-05,54.14,4.03,6.21,14.26,3.56,2.54,8.4,3.4,0.06,1.73,0.14,0.35,0.02,0.27,0.05,0.06,0.08,0.07,0.01,0.07,0,0.04,0.16,0.02,0.01,0.05,0,0.08,0,0,0.01,0,0.02,0.01,0,0,0.01,0,0.14
2017-06,53.92,3.93,5.93,14.39,3.83,2.45,8.58,3.48,0.06,1.75,0.13,0.34,0.02,0.26,0.06,0.06,0.09,0.08,0.01,0.07,0,0.04,0.16,0.02,0.01,0.05,0,0.08,0,0,0.01,0,0.02,0.01,0,0,0.01,0,0.15
2017-07,54.3,3.74,5.73,14.15,3.98,2.47,8.57,3.53,0.06,1.74,0.12,0.34,0.02,0.29,0.08,0.06,0.11,0.08,0.01,0.07,0,0.04,0.14,0.02,0.01,0.05,0,0.09,0,0,0.01,0,0.02,0.01,0,0,0.01,0,0.15
2017-08,54.89,3.69,5.9,14.88,4,2.23,7.43,3.47,0.05,1.8,0.11,0.31,0.02,0.27,0.05,0.06,0.1,0.07,0.01,0.07,0,0.03,0.16,0.02,0.01,0.05,0,0.09,0,0,0.01,0,0.03,0.01,0,0,0.02,0,0.15
2017-09,55.68,3.56,5.96,14.22,4.08,2.04,7.3,3.41,0.06,2.17,0.11,0.3,0.02,0.26,0.04,0.06,0.1,0.07,0.01,0.06,0,0.03,0.1,0.02,0.01,0.05,0,0.09,0,0,0.01,0,0.04,0.01,0,0,0.02,0,0.13
2017-10,54.57,3.74,6.08,14.59,3.89,1.9,7.86,3.41,0.07,2.22,0.1,0.27,0.02,0.27,0.05,0.05,0.23,0.06,0.01,0.07,0,0.03,0.1,0.02,0.01,0.06,0,0.11,0,0,0.01,0,0.04,0.01,0,0,0.02,0,0.13
2017-11,55,3.88,6.1,14.76,3.8,1.77,7.99,2.97,0.08,2.06,0.08,0.25,0.02,0.27,0.03,0.05,0.22,0.06,0.01,0.06,0,0.04,0.12,0.01,0.01,0.08,0,0.1,0,0,0.01,0,0.03,0.01,0,0,0.02,0,0.13
2017-12,55.04,3.35,5.72,14.86,4.03,1.83,8.69,2.88,0.1,1.9,0.08,0.23,0.02,0.28,0.03,0.05,0.24,0.05,0.01,0.06,0,0.04,0.1,0.01,0.01,0.08,0,0.1,0,0,0.01,0,0.04,0.01,0,0,0.01,0,0.14
2018-01,56.31,3.2,5.66,14.44,3.96,1.79,8.29,2.84,0.09,1.89,0.07,0.22,0.01,0.28,0.03,0.05,0.24,0.05,0.01,0.06,0,0.04,0.1,0.01,0.01,0.08,0,0.07,0,0,0.01,0,0.03,0.01,0,0,0.02,0,0.12
2018-02,57.46,3.06,5.5,14.39,3.69,1.72,7.91,2.92,0.05,1.86,0.07,0.21,0.01,0.28,0.02,0.05,0.24,0.05,0.01,0.05,0,0.03,0.07,0.01,0,0.08,0,0.08,0,0,0.01,0,0.03,0.01,0,0,0.01,0,0.1
2018-03,57.64,3.11,5.38,14.81,3.65,1.62,7.37,2.72,0.04,1.93,0.06,0.2,0.01,0.28,0.02,0.05,0.27,0.07,0.01,0.06,0,0.03,0.1,0.01,0,0.08,0.22,0.08,0,0,0.01,0,0.03,0.01,0,0,0.01,0,0.1
2018-04,57.36,3.21,5.45,13.96,3.83,1.59,7.88,2.69,0.05,1.98,0.06,0.19,0.01,0.25,0.03,0.07,0.38,0.08,0.01,0.06,0,0.03,0.14,0.01,0,0.09,0.34,0.08,0,0,0.01,0,0.03,0.01,0,0,0.01,0,0.11
2018-05,58.09,3.08,5.27,13.78,3.68,1.51,8.16,2.59,0.04,1.91,0.05,0.17,0.01,0.23,0.02,0.05,0.33,0.06,0.01,0.07,0,0.03,0.14,0.02,0,0.08,0.38,0.07,0,0,0.01,0,0.04,0.01,0,0,0.02,0,0.1
2018-06,58.94,3.12,5.17,13.7,3.5,1.56,7.46,2.67,0.04,1.89,0.04,0.17,0.01,0.23,0.02,0.04,0.43,0.06,0.01,0.07,0,0.03,0.13,0.02,0,0.09,0.4,0.06,0,0,0.01,0,0.03,0.01,0,0,0.01,0,0.09
2018-07,59.69,3.01,5.02,13.85,3.35,1.56,7.03,2.71,0.04,1.88,0.04,0.16,0.01,0.22,0.02,0.04,0.36,0.05,0,0.07,0,0.03,0.11,0.02,0,0.09,0.4,0.07,0,0,0.01,0,0.03,0.01,0,0,0.01,0,0.09
2018-08,59.67,3.03,4.93,14.51,3.5,1.42,6.28,2.87,0.04,1.9,0.04,0.15,0.01,0.22,0.07,0.04,0.28,0.05,0.01,0.07,0,0.03,0.11,0.02,0,0.1,0.43,0.07,0,0,0,0,0.02,0,0,0,0.01,0,0.09
2018-09,60.6,2.85,5.01,14.85,3.38,1.31,5.42,2.82,0.03,1.99,0.03,0.14,0.01,0.24,0.03,0.04,0.21,0.05,0.01,0.07,0,0.03,0.1,0.02,0,0.11,0.44,0.07,0,0,0,0,0,0,0,0,0.01,0,0.11
2018-10,61.55,2.88,5.02,15.13,3.16,1.18,4.41,2.76,0.02,2.08,0.03,0.12,0.01,0.26,0.01,0.04,0.2,0.05,0.01,0.08,0,0.03,0.11,0.03,0,0.1,0.45,0.07,0,0,0.01,0,0,0,0,0,0.01,0,0.19
2018-11,61.77,2.81,4.92,15.09,3.15,1.18,4.22,2.73,0.03,2.15,0.02,0.12,0.01,0.27,0.01,0.04,0.19,0.07,0.01,0.08,0,0.03,0.11,0.03,0,0.1,0.49,0.07,0,0,0.01,0,0,0,0,0,0.01,0,0.27
2018-12,62.28,2.55,4.93,14.69,3.13,1.18,4.21,2.94,0.03,2.03,0.02,0.12,0.01,0.26,0.02,0.04,0.2,0.05,0.01,0.08,0,0.03,0.11,0.02,0,0.12,0.56,0.06,0,0,0.01,0,0,0,0,0,0.01,0,0.3
2019-01,61.72,2.7,4.66,15.23,2.91,1.15,3.83,3.64,0.03,2.13,0.02,0.1,0.01,0.24,0.03,0.04,0.22,0.08,0,0.08,0,0.03,0.09,0.03,0,0.12,0.54,0.06,0,0,0.01,0,0,0,0,0,0.01,0,0.28
2019-02,62.41,2.58,4.39,15.56,2.87,1.09,3.73,3.42,0.03,2.16,0.02,0.1,0.01,0.25,0.02,0.04,0.19,0.07,0,0.08,0,0.03,0.07,0.03,0,0.13,0.46,0.06,0,0,0,0,0,0,0,0,0.01,0,0.17
2019-03,62.58,2.56,4.7,15.64,2.73,1.04,3.44,3.32,0.02,2.21,0.02,0.1,0.01,0.28,0.02,0.04,0.19,0.07,0,0.08,0,0.02,0.12,0.03,0,0.14,0.41,0.07,0,0,0,0,0,0,0,0,0.01,0,0.13
2019-04,62.8,2.47,4.86,15.83,2.56,1.04,3.11,3.5,0.01,2.16,0.02,0.09,0,0.23,0.02,0.04,0.2,0.07,0,0.08,0,0.02,0.12,0.02,0,0.13,0.35,0.07,0,0,0,0,0,0,0,0,0.01,0,0.16
2019-05,62.98,2.46,5.01,15.74,2.54,0.91,3.13,3.4,0.01,2.15,0.02,0.08,0,0.22,0.03,0.04,0.21,0.08,0,0.07,0,0.02,0.12,0.03,0,0.14,0.37,0.05,0,0,0,0,0,0,0,0,0.01,0,0.16
2019-06,63.69,2.29,4.64,15.15,2.53,1,3.32,3.53,0.01,2.14,0.02,0.07,0,0.23,0.02,0.04,0.26,0.05,0,0.07,0,0.02,0.12,0.03,0,0.13,0.4,0.06,0,0,0.01,0,0,0,0,0,0.01,0,0.16
2019-07,63.37,2.26,4.49,15.05,2.58,0.97,3.57,3.75,0.01,2.18,0.02,0.07,0,0.24,0.02,0.04,0.31,0.05,0,0.07,0,0.02,0.14,0.03,0,0.13,0.41,0.06,0,0,0.01,0,0,0,0,0,0.01,0,0.15
2019-08,63.99,1.97,4.44,15.48,2.65,0.73,3.46,3.49,0.01,2.16,0.02,0.07,0,0.24,0.02,0.04,0.26,0.05,0,0.07,0,0.02,0.15,0.03,0,0.13,0.3,0.05,0,0,0,0,0,0,0,0,0.01,0,0.15
2019-09,63.72,2.23,4.45,16.34,2.5,0.61,3.15,3.34,0.01,2.15,0.01,0.06,0,0.23,0.02,0.04,0.31,0.06,0,0.08,0,0.02,0.11,0.03,0,0.13,0.2,0.05,0,0,0,0,0,0,0,0,0.01,0,0.15
2019-10,64.92,1.98,4.33,15.97,2.34,0.59,2.94,3.29,0.01,2.05,0.01,0.06,0,0.25,0.02,0.03,0.33,0.06,0,0.08,0,0.02,0.11,0.05,0,0.13,0.22,0.05,0,0,0,0,0,0,0,0,0.01,0,0.15
2019-11,64.26,1.66,4.47,16.74,2.35,0.58,2.95,3.29,0.01,2.11,0.01,0.06,0,0.29,0.01,0.03,0.25,0.05,0,0.08,0,0.02,0.12,0.08,0,0.13,0.25,0.05,0,0,0,0,0,0,0,0,0.01,0,0.15
2019-12,63.62,1.57,4.39,17.68,2.28,0.51,2.87,3.46,0.01,2.06,0.01,0.05,0,0.29,0.02,0.04,0.27,0.05,0,0.08,0,0.02,0.13,0.07,0,0.13,0.18,0.05,0,0,0,0,0,0,0,0,0.01,0,0.15
2020-01,64.1,1.68,4.7,17.21,2.26,0.54,2.61,3.33,0,2.17,0.01,0.05,0,0.27,0.02,0.03,0.26,0.05,0,0.08,0,0.01,0.09,0.08,0,0.14,0.11,0.05,0,0,0,0,0,0,0,0,0.01,0,0.14
2020-02,64.45,1.63,4.58,17.57,1.92,0.59,2.16,3.28,0,2.19,0.01,0.05,0,0.27,0.02,0.03,0.31,0.06,0,0.08,0,0.02,0.11,0.09,0,0.13,0.12,0.05,0,0,0,0,0,0,0,0,0.01,0,0.26
2020-03,63.69,1.71,4.42,18.35,1.63,0.62,1.99,3.36,0,2.18,0.01,0.04,0,0.27,0.28,0.04,0.3,0.06,0,0.06,0,0.02,0.12,0.09,0,0.12,0.17,0.05,0,0,0,0,0,0,0,0,0.01,0,0.4
2020-04,62.48,1.41,4.21,19.94,1.73,0.57,1.97,3.4,0,2.23,0.01,0.02,0,0.26,0.3,0.03,0.29,0.06,0,0.04,0,0.02,0.09,0.1,0,0.13,0.06,0.06,0,0,0,0,0,0,0,0,0.01,0,0.57
2020-05,0,0,0,0,0,0,0,0,0,0,0,0,0,0,0,0,0,0,0,0,0,0,0,0,0,0,0,0,0,0,0,0,0,0,0,0,0,0,0
